{
  "model": {
    "type": "minecraft:select",
    "cases": [
      {
        "model": {
          "type": "minecraft:condition",
          "property": "minecraft:broken",
          "on_true": {
            "type": "minecraft:model",
            "model": "item/elytra/purple/elytra_purple_broken_quartz_trim"
          },
          "on_false": {
            "type": "minecraft:model",
            "model": "item/elytra/purple/elytra_purple_quartz_trim"
          }
        },
        "when": "minecraft:quartz"
      },
      {
        "model": {
          "type": "minecraft:condition",
          "property": "minecraft:broken",
          "on_true": {
            "type": "minecraft:model",
            "model": "item/elytra/purple/elytra_purple_broken_iron_trim"
          },
          "on_false": {
            "type": "minecraft:model",
            "model": "item/elytra/purple/elytra_purple_iron_trim"
          }
        },
        "when": "minecraft:iron"
      },
      {
        "model": {
          "type": "minecraft:condition",
          "property": "minecraft:broken",
          "on_true": {
            "type": "minecraft:model",
            "model": "item/elytra/purple/elytra_purple_broken_netherite_trim"
          },
          "on_false": {
            "type": "minecraft:model",
            "model": "item/elytra/purple/elytra_purple_netherite_trim"
          }
        },
        "when": "minecraft:netherite"
      },
      {
        "model": {
          "type": "minecraft:condition",
          "property": "minecraft:broken",
          "on_true": {
            "type": "minecraft:model",
            "model": "item/elytra/purple/elytra_purple_broken_redstone_trim"
          },
          "on_false": {
            "type": "minecraft:model",
            "model": "item/elytra/purple/elytra_purple_redstone_trim"
          }
        },
        "when": "minecraft:redstone"
      },
      {
        "model": {
          "type": "minecraft:condition",
          "property": "minecraft:broken",
          "on_true": {
            "type": "minecraft:model",
            "model": "item/elytra/purple/elytra_purple_broken_copper_trim"
          },
          "on_false": {
            "type": "minecraft:model",
            "model": "item/elytra/purple/elytra_purple_copper_trim"
          }
        },
        "when": "minecraft:copper"
      },
      {
        "model": {
          "type": "minecraft:condition",
          "property": "minecraft:broken",
          "on_true": {
            "type": "minecraft:model",
            "model": "item/elytra/purple/elytra_purple_broken_gold_trim"
          },
          "on_false": {
            "type": "minecraft:model",
            "model": "item/elytra/purple/elytra_purple_gold_trim"
          }
        },
        "when": "minecraft:gold"
      },
      {
        "model": {
          "type": "minecraft:condition",
          "property": "minecraft:broken",
          "on_true": {
            "type": "minecraft:model",
            "model": "item/elytra/purple/elytra_purple_broken_emerald_trim"
          },
          "on_false": {
            "type": "minecraft:model",
            "model": "item/elytra/purple/elytra_purple_emerald_trim"
          }
        },
        "when": "minecraft:emerald"
      },
      {
        "model": {
          "type": "minecraft:condition",
          "property": "minecraft:broken",
          "on_true": {
            "type": "minecraft:model",
            "model": "item/elytra/purple/elytra_purple_broken_diamond_trim"
          },
          "on_false": {
            "type": "minecraft:model",
            "model": "item/elytra/purple/elytra_purple_diamond_trim"
          }
        },
        "when": "minecraft:diamond"
      },
      {
        "model": {
          "type": "minecraft:condition",
          "property": "minecraft:broken",
          "on_true": {
            "type": "minecraft:model",
            "model": "item/elytra/purple/elytra_purple_broken_lapis_trim"
          },
          "on_false": {
            "type": "minecraft:model",
            "model": "item/elytra/purple/elytra_purple_lapis_trim"
          }
        },
        "when": "minecraft:lapis"
      },
      {
        "model": {
          "type": "minecraft:condition",
          "property": "minecraft:broken",
          "on_true": {
            "type": "minecraft:model",
            "model": "item/elytra/purple/elytra_purple_broken_amethyst_trim"
          },
          "on_false": {
            "type": "minecraft:model",
            "model": "item/elytra/purple/elytra_purple_amethyst_trim"
          }
        },
        "when": "minecraft:amethyst"
      },
      {
        "model": {
          "type": "minecraft:condition",
          "property": "minecraft:broken",
          "on_true": {
            "type": "minecraft:model",
            "model": "item/elytra/purple/elytra_purple_broken_resin_trim"
          },
          "on_false": {
            "type": "minecraft:model",
            "model": "item/elytra/purple/elytra_purple_resin_trim"
          }
        },
        "when": "minecraft:resin"
      },
      {
        "model": {
          "type": "minecraft:condition",
          "property": "minecraft:broken",
          "on_true": {
            "type": "minecraft:model",
            "model": "item/elytra/purple/elytra_purple_broken_nether_star_trim"
          },
          "on_false": {
            "type": "minecraft:model",
            "model": "item/elytra/purple/elytra_purple_nether_star_trim"
          }
        },
        "when": "minecraft:nether_star"
      }
    ],
    "fallback": {
      "type": "minecraft:condition",
      "property": "minecraft:broken",
      "on_true": {
        "type": "minecraft:model",
        "model": "item/elytra/purple/elytra_purple_broken"
      },
      "on_false": {
        "type": "minecraft:model",
        "model": "item/elytra/purple/elytra_purple"
      }
    },
    "property": "minecraft:trim_material"
  }
}