{
  "model": {
    "type": "minecraft:select",
    "cases": [
      {
        "model": {
          "type": "minecraft:condition",
          "property": "minecraft:broken",
          "on_true": {
            "type": "minecraft:model",
            "model": "item/elytra/brown/elytra_brown_broken_quartz_trim"
          },
          "on_false": {
            "type": "minecraft:model",
            "model": "item/elytra/brown/elytra_brown_quartz_trim"
          }
        },
        "when": "minecraft:quartz"
      },
      {
        "model": {
          "type": "minecraft:condition",
          "property": "minecraft:broken",
          "on_true": {
            "type": "minecraft:model",
            "model": "item/elytra/brown/elytra_brown_broken_iron_trim"
          },
          "on_false": {
            "type": "minecraft:model",
            "model": "item/elytra/brown/elytra_brown_iron_trim"
          }
        },
        "when": "minecraft:iron"
      },
      {
        "model": {
          "type": "minecraft:condition",
          "property": "minecraft:broken",
          "on_true": {
            "type": "minecraft:model",
            "model": "item/elytra/brown/elytra_brown_broken_netherite_trim"
          },
          "on_false": {
            "type": "minecraft:model",
            "model": "item/elytra/brown/elytra_brown_netherite_trim"
          }
        },
        "when": "minecraft:netherite"
      },
      {
        "model": {
          "type": "minecraft:condition",
          "property": "minecraft:broken",
          "on_true": {
            "type": "minecraft:model",
            "model": "item/elytra/brown/elytra_brown_broken_redstone_trim"
          },
          "on_false": {
            "type": "minecraft:model",
            "model": "item/elytra/brown/elytra_brown_redstone_trim"
          }
        },
        "when": "minecraft:redstone"
      },
      {
        "model": {
          "type": "minecraft:condition",
          "property": "minecraft:broken",
          "on_true": {
            "type": "minecraft:model",
            "model": "item/elytra/brown/elytra_brown_broken_copper_trim"
          },
          "on_false": {
            "type": "minecraft:model",
            "model": "item/elytra/brown/elytra_brown_copper_trim"
          }
        },
        "when": "minecraft:copper"
      },
      {
        "model": {
          "type": "minecraft:condition",
          "property": "minecraft:broken",
          "on_true": {
            "type": "minecraft:model",
            "model": "item/elytra/brown/elytra_brown_broken_gold_trim"
          },
          "on_false": {
            "type": "minecraft:model",
            "model": "item/elytra/brown/elytra_brown_gold_trim"
          }
        },
        "when": "minecraft:gold"
      },
      {
        "model": {
          "type": "minecraft:condition",
          "property": "minecraft:broken",
          "on_true": {
            "type": "minecraft:model",
            "model": "item/elytra/brown/elytra_brown_broken_emerald_trim"
          },
          "on_false": {
            "type": "minecraft:model",
            "model": "item/elytra/brown/elytra_brown_emerald_trim"
          }
        },
        "when": "minecraft:emerald"
      },
      {
        "model": {
          "type": "minecraft:condition",
          "property": "minecraft:broken",
          "on_true": {
            "type": "minecraft:model",
            "model": "item/elytra/brown/elytra_brown_broken_diamond_trim"
          },
          "on_false": {
            "type": "minecraft:model",
            "model": "item/elytra/brown/elytra_brown_diamond_trim"
          }
        },
        "when": "minecraft:diamond"
      },
      {
        "model": {
          "type": "minecraft:condition",
          "property": "minecraft:broken",
          "on_true": {
            "type": "minecraft:model",
            "model": "item/elytra/brown/elytra_brown_broken_lapis_trim"
          },
          "on_false": {
            "type": "minecraft:model",
            "model": "item/elytra/brown/elytra_brown_lapis_trim"
          }
        },
        "when": "minecraft:lapis"
      },
      {
        "model": {
          "type": "minecraft:condition",
          "property": "minecraft:broken",
          "on_true": {
            "type": "minecraft:model",
            "model": "item/elytra/brown/elytra_brown_broken_amethyst_trim"
          },
          "on_false": {
            "type": "minecraft:model",
            "model": "item/elytra/brown/elytra_brown_amethyst_trim"
          }
        },
        "when": "minecraft:amethyst"
      },
      {
        "model": {
          "type": "minecraft:condition",
          "property": "minecraft:broken",
          "on_true": {
            "type": "minecraft:model",
            "model": "item/elytra/brown/elytra_brown_broken_resin_trim"
          },
          "on_false": {
            "type": "minecraft:model",
            "model": "item/elytra/brown/elytra_brown_resin_trim"
          }
        },
        "when": "minecraft:resin"
      },
      {
        "model": {
          "type": "minecraft:condition",
          "property": "minecraft:broken",
          "on_true": {
            "type": "minecraft:model",
            "model": "item/elytra/brown/elytra_brown_broken_nether_star_trim"
          },
          "on_false": {
            "type": "minecraft:model",
            "model": "item/elytra/brown/elytra_brown_nether_star_trim"
          }
        },
        "when": "minecraft:nether_star"
      }
    ],
    "fallback": {
      "type": "minecraft:condition",
      "property": "minecraft:broken",
      "on_true": {
        "type": "minecraft:model",
        "model": "item/elytra/brown/elytra_brown_broken"
      },
      "on_false": {
        "type": "minecraft:model",
        "model": "item/elytra/brown/elytra_brown"
      }
    },
    "property": "minecraft:trim_material"
  }
}