{
  "model": {
    "type": "minecraft:select",
    "cases": [
      {
        "model": {
          "type": "minecraft:condition",
          "property": "minecraft:broken",
          "on_true": {
            "type": "minecraft:model",
            "model": "item/elytra/light_blue/elytra_light_blue_broken_quartz_trim"
          },
          "on_false": {
            "type": "minecraft:model",
            "model": "item/elytra/light_blue/elytra_light_blue_quartz_trim"
          }
        },
        "when": "minecraft:quartz"
      },
      {
        "model": {
          "type": "minecraft:condition",
          "property": "minecraft:broken",
          "on_true": {
            "type": "minecraft:model",
            "model": "item/elytra/light_blue/elytra_light_blue_broken_iron_trim"
          },
          "on_false": {
            "type": "minecraft:model",
            "model": "item/elytra/light_blue/elytra_light_blue_iron_trim"
          }
        },
        "when": "minecraft:iron"
      },
      {
        "model": {
          "type": "minecraft:condition",
          "property": "minecraft:broken",
          "on_true": {
            "type": "minecraft:model",
            "model": "item/elytra/light_blue/elytra_light_blue_broken_netherite_trim"
          },
          "on_false": {
            "type": "minecraft:model",
            "model": "item/elytra/light_blue/elytra_light_blue_netherite_trim"
          }
        },
        "when": "minecraft:netherite"
      },
      {
        "model": {
          "type": "minecraft:condition",
          "property": "minecraft:broken",
          "on_true": {
            "type": "minecraft:model",
            "model": "item/elytra/light_blue/elytra_light_blue_broken_redstone_trim"
          },
          "on_false": {
            "type": "minecraft:model",
            "model": "item/elytra/light_blue/elytra_light_blue_redstone_trim"
          }
        },
        "when": "minecraft:redstone"
      },
      {
        "model": {
          "type": "minecraft:condition",
          "property": "minecraft:broken",
          "on_true": {
            "type": "minecraft:model",
            "model": "item/elytra/light_blue/elytra_light_blue_broken_copper_trim"
          },
          "on_false": {
            "type": "minecraft:model",
            "model": "item/elytra/light_blue/elytra_light_blue_copper_trim"
          }
        },
        "when": "minecraft:copper"
      },
      {
        "model": {
          "type": "minecraft:condition",
          "property": "minecraft:broken",
          "on_true": {
            "type": "minecraft:model",
            "model": "item/elytra/light_blue/elytra_light_blue_broken_gold_trim"
          },
          "on_false": {
            "type": "minecraft:model",
            "model": "item/elytra/light_blue/elytra_light_blue_gold_trim"
          }
        },
        "when": "minecraft:gold"
      },
      {
        "model": {
          "type": "minecraft:condition",
          "property": "minecraft:broken",
          "on_true": {
            "type": "minecraft:model",
            "model": "item/elytra/light_blue/elytra_light_blue_broken_emerald_trim"
          },
          "on_false": {
            "type": "minecraft:model",
            "model": "item/elytra/light_blue/elytra_light_blue_emerald_trim"
          }
        },
        "when": "minecraft:emerald"
      },
      {
        "model": {
          "type": "minecraft:condition",
          "property": "minecraft:broken",
          "on_true": {
            "type": "minecraft:model",
            "model": "item/elytra/light_blue/elytra_light_blue_broken_diamond_trim"
          },
          "on_false": {
            "type": "minecraft:model",
            "model": "item/elytra/light_blue/elytra_light_blue_diamond_trim"
          }
        },
        "when": "minecraft:diamond"
      },
      {
        "model": {
          "type": "minecraft:condition",
          "property": "minecraft:broken",
          "on_true": {
            "type": "minecraft:model",
            "model": "item/elytra/light_blue/elytra_light_blue_broken_lapis_trim"
          },
          "on_false": {
            "type": "minecraft:model",
            "model": "item/elytra/light_blue/elytra_light_blue_lapis_trim"
          }
        },
        "when": "minecraft:lapis"
      },
      {
        "model": {
          "type": "minecraft:condition",
          "property": "minecraft:broken",
          "on_true": {
            "type": "minecraft:model",
            "model": "item/elytra/light_blue/elytra_light_blue_broken_amethyst_trim"
          },
          "on_false": {
            "type": "minecraft:model",
            "model": "item/elytra/light_blue/elytra_light_blue_amethyst_trim"
          }
        },
        "when": "minecraft:amethyst"
      },
      {
        "model": {
          "type": "minecraft:condition",
          "property": "minecraft:broken",
          "on_true": {
            "type": "minecraft:model",
            "model": "item/elytra/light_blue/elytra_light_blue_broken_resin_trim"
          },
          "on_false": {
            "type": "minecraft:model",
            "model": "item/elytra/light_blue/elytra_light_blue_resin_trim"
          }
        },
        "when": "minecraft:resin"
      },
      {
        "model": {
          "type": "minecraft:condition",
          "property": "minecraft:broken",
          "on_true": {
            "type": "minecraft:model",
            "model": "item/elytra/light_blue/elytra_light_blue_broken_nether_star_trim"
          },
          "on_false": {
            "type": "minecraft:model",
            "model": "item/elytra/light_blue/elytra_light_blue_nether_star_trim"
          }
        },
        "when": "minecraft:nether_star"
      }
    ],
    "fallback": {
      "type": "minecraft:condition",
      "property": "minecraft:broken",
      "on_true": {
        "type": "minecraft:model",
        "model": "item/elytra/light_blue/elytra_light_blue_broken"
      },
      "on_false": {
        "type": "minecraft:model",
        "model": "item/elytra/light_blue/elytra_light_blue"
      }
    },
    "property": "minecraft:trim_material"
  }
}