{
  "model": {
    "type": "minecraft:select",
    "cases": [
      {
        "model": {
          "type": "minecraft:condition",
          "property": "minecraft:broken",
          "on_true": {
            "type": "minecraft:model",
            "model": "item/elytra/pink/elytra_pink_broken_quartz_trim"
          },
          "on_false": {
            "type": "minecraft:model",
            "model": "item/elytra/pink/elytra_pink_quartz_trim"
          }
        },
        "when": "minecraft:quartz"
      },
      {
        "model": {
          "type": "minecraft:condition",
          "property": "minecraft:broken",
          "on_true": {
            "type": "minecraft:model",
            "model": "item/elytra/pink/elytra_pink_broken_iron_trim"
          },
          "on_false": {
            "type": "minecraft:model",
            "model": "item/elytra/pink/elytra_pink_iron_trim"
          }
        },
        "when": "minecraft:iron"
      },
      {
        "model": {
          "type": "minecraft:condition",
          "property": "minecraft:broken",
          "on_true": {
            "type": "minecraft:model",
            "model": "item/elytra/pink/elytra_pink_broken_netherite_trim"
          },
          "on_false": {
            "type": "minecraft:model",
            "model": "item/elytra/pink/elytra_pink_netherite_trim"
          }
        },
        "when": "minecraft:netherite"
      },
      {
        "model": {
          "type": "minecraft:condition",
          "property": "minecraft:broken",
          "on_true": {
            "type": "minecraft:model",
            "model": "item/elytra/pink/elytra_pink_broken_redstone_trim"
          },
          "on_false": {
            "type": "minecraft:model",
            "model": "item/elytra/pink/elytra_pink_redstone_trim"
          }
        },
        "when": "minecraft:redstone"
      },
      {
        "model": {
          "type": "minecraft:condition",
          "property": "minecraft:broken",
          "on_true": {
            "type": "minecraft:model",
            "model": "item/elytra/pink/elytra_pink_broken_copper_trim"
          },
          "on_false": {
            "type": "minecraft:model",
            "model": "item/elytra/pink/elytra_pink_copper_trim"
          }
        },
        "when": "minecraft:copper"
      },
      {
        "model": {
          "type": "minecraft:condition",
          "property": "minecraft:broken",
          "on_true": {
            "type": "minecraft:model",
            "model": "item/elytra/pink/elytra_pink_broken_gold_trim"
          },
          "on_false": {
            "type": "minecraft:model",
            "model": "item/elytra/pink/elytra_pink_gold_trim"
          }
        },
        "when": "minecraft:gold"
      },
      {
        "model": {
          "type": "minecraft:condition",
          "property": "minecraft:broken",
          "on_true": {
            "type": "minecraft:model",
            "model": "item/elytra/pink/elytra_pink_broken_emerald_trim"
          },
          "on_false": {
            "type": "minecraft:model",
            "model": "item/elytra/pink/elytra_pink_emerald_trim"
          }
        },
        "when": "minecraft:emerald"
      },
      {
        "model": {
          "type": "minecraft:condition",
          "property": "minecraft:broken",
          "on_true": {
            "type": "minecraft:model",
            "model": "item/elytra/pink/elytra_pink_broken_diamond_trim"
          },
          "on_false": {
            "type": "minecraft:model",
            "model": "item/elytra/pink/elytra_pink_diamond_trim"
          }
        },
        "when": "minecraft:diamond"
      },
      {
        "model": {
          "type": "minecraft:condition",
          "property": "minecraft:broken",
          "on_true": {
            "type": "minecraft:model",
            "model": "item/elytra/pink/elytra_pink_broken_lapis_trim"
          },
          "on_false": {
            "type": "minecraft:model",
            "model": "item/elytra/pink/elytra_pink_lapis_trim"
          }
        },
        "when": "minecraft:lapis"
      },
      {
        "model": {
          "type": "minecraft:condition",
          "property": "minecraft:broken",
          "on_true": {
            "type": "minecraft:model",
            "model": "item/elytra/pink/elytra_pink_broken_amethyst_trim"
          },
          "on_false": {
            "type": "minecraft:model",
            "model": "item/elytra/pink/elytra_pink_amethyst_trim"
          }
        },
        "when": "minecraft:amethyst"
      },
      {
        "model": {
          "type": "minecraft:condition",
          "property": "minecraft:broken",
          "on_true": {
            "type": "minecraft:model",
            "model": "item/elytra/pink/elytra_pink_broken_resin_trim"
          },
          "on_false": {
            "type": "minecraft:model",
            "model": "item/elytra/pink/elytra_pink_resin_trim"
          }
        },
        "when": "minecraft:resin"
      },
      {
        "model": {
          "type": "minecraft:condition",
          "property": "minecraft:broken",
          "on_true": {
            "type": "minecraft:model",
            "model": "item/elytra/pink/elytra_pink_broken_nether_star_trim"
          },
          "on_false": {
            "type": "minecraft:model",
            "model": "item/elytra/pink/elytra_pink_nether_star_trim"
          }
        },
        "when": "minecraft:nether_star"
      }
    ],
    "fallback": {
      "type": "minecraft:condition",
      "property": "minecraft:broken",
      "on_true": {
        "type": "minecraft:model",
        "model": "item/elytra/pink/elytra_pink_broken"
      },
      "on_false": {
        "type": "minecraft:model",
        "model": "item/elytra/pink/elytra_pink"
      }
    },
    "property": "minecraft:trim_material"
  }
}