{
  "type": "minecraft:crafting_shaped",
  "pattern": [
    "#PP",
    "LNP",
    "LL#"
  ],
  "key": {
    "#": [
      "minecraft:white_dye"
    ],
    "P": [
      "minecraft:pink_dye"
    ],
    "L": [
      "minecraft:light_blue_dye"
    ],
    "N": [
      "minecraft:nether_star"
    ]
  },
  "result": {
    "id": "minecraft:nether_star",
    "components": {
      "minecraft:item_model": "minecraft:trans_star",
      "minecraft:provides_trim_material": "minecraft:nether_star",
      "minecraft:custom_name": "Trans Star"
    }
  }
}