{
  "model": {
    "type": "minecraft:select",
    "cases": [
      {
        "model": {
          "type": "minecraft:select",
          "property": "minecraft:trim_material",
          "cases": [
            {
              "when": "minecraft:copper",
              "model": {
                "type": "minecraft:model",
                "model": "minecraft:item/spyglass/spyglass_copper_trim"
              }
            },
			{
              "when": "minecraft:iron",
              "model": {
                "type": "minecraft:model",
                "model": "minecraft:item/spyglass/spyglass_iron_trim"
              }
            },
			{
              "when": "minecraft:gold",
              "model": {
                "type": "minecraft:model",
                "model": "minecraft:item/spyglass/spyglass_gold_trim"
              }
            },
			{
              "when": "minecraft:diamond",
              "model": {
                "type": "minecraft:model",
                "model": "minecraft:item/spyglass/spyglass_diamond_trim"
              }
            },
			{
              "when": "minecraft:netherite",
              "model": {
                "type": "minecraft:model",
                "model": "minecraft:item/spyglass/spyglass_netherite_trim"
              }
            },
			{
              "when": "minecraft:resin",
              "model": {
                "type": "minecraft:model",
                "model": "minecraft:item/spyglass/spyglass_resin_trim"
              }
            },
			{
              "when": "minecraft:quartz",
              "model": {
                "type": "minecraft:model",
                "model": "minecraft:item/spyglass/spyglass_quartz_trim"
              }
            },
			{
              "when": "minecraft:redstone",
              "model": {
                "type": "minecraft:model",
                "model": "minecraft:item/spyglass/spyglass_redstone_trim"
              }
            },
			{
              "when": "minecraft:amethyst",
              "model": {
                "type": "minecraft:model",
                "model": "minecraft:item/spyglass/spyglass_amethyst_trim"
              }
            },
			{
              "when": "minecraft:lapis",
              "model": {
                "type": "minecraft:model",
                "model": "minecraft:item/spyglass/spyglass_lapis_trim"
              }
            },
			{
              "when": "minecraft:emerald",
              "model": {
                "type": "minecraft:model",
                "model": "minecraft:item/spyglass/spyglass_emerald_trim"
              }
            },
			{
              "when": "minecraft:nether_star",
              "model": {
                "type": "minecraft:model",
                "model": "minecraft:item/spyglass/spyglass_nether_star_trim"
              }
            },
			{
              "when": "minecraft:none",
              "model": {
                "type": "minecraft:model",
                "model": "minecraft:item/spyglass"
              }
            }
          ],
          "fallback": {
            "type": "minecraft:model",
            "model": "minecraft:item/spyglass"
          }
        },
        "when": [
          "gui",
          "ground",
          "fixed"
        ]
      }
    ],
    "fallback": {
      "type": "minecraft:select",
        "property": "minecraft:trim_material",
        "cases": [
          {
            "when": "minecraft:copper",
            "model": {
                "type": "minecraft:model",
                "model": "minecraft:item/spyglass/in_hand/spyglass_in_hand_copper_trim"
              }
          },
		  {
            "when": "minecraft:emerald",
            "model": {
                "type": "minecraft:model",
                "model": "minecraft:item/spyglass/in_hand/spyglass_in_hand_emerald_trim"
              }
          },
		  {
            "when": "minecraft:iron",
            "model": {
                "type": "minecraft:model",
                "model": "minecraft:item/spyglass/in_hand/spyglass_in_hand_iron_trim"
              }
          },
		  {
            "when": "minecraft:gold",
            "model": {
                "type": "minecraft:model",
                "model": "minecraft:item/spyglass/in_hand/spyglass_in_hand_gold_trim"
              }
          },
		  {
            "when": "minecraft:diamond",
            "model": {
                "type": "minecraft:model",
                "model": "minecraft:item/spyglass/in_hand/spyglass_in_hand_diamond_trim"
              }
          },
		  {
            "when": "minecraft:netherite",
            "model": {
                "type": "minecraft:model",
                "model": "minecraft:item/spyglass/in_hand/spyglass_in_hand_netherite_trim"
              }
          },
		  {
            "when": "minecraft:resin",
            "model": {
                "type": "minecraft:model",
                "model": "minecraft:item/spyglass/in_hand/spyglass_in_hand_resin_trim"
              }
          },
		  {
            "when": "minecraft:quartz",
            "model": {
                "type": "minecraft:model",
                "model": "minecraft:item/spyglass/in_hand/spyglass_in_hand_quartz_trim"
              }
          },
		  {
            "when": "minecraft:redstone",
            "model": {
                "type": "minecraft:model",
                "model": "minecraft:item/spyglass/in_hand/spyglass_in_hand_redstone_trim"
              }
          },
		  {
            "when": "minecraft:lapis",
            "model": {
                "type": "minecraft:model",
                "model": "minecraft:item/spyglass/in_hand/spyglass_in_hand_lapis_trim"
              }
          },
		  {
            "when": "minecraft:amethyst",
            "model": {
                "type": "minecraft:model",
                "model": "minecraft:item/spyglass/in_hand/spyglass_in_hand_amethyst_trim"
              }
          },
		  {
            "when": "minecraft:nether_star",
            "model": {
                "type": "minecraft:model",
                "model": "minecraft:item/spyglass/in_hand/spyglass_in_hand_nether_star_trim"
              }
          }
        ],
        "fallback": {
          "type": "minecraft:model",
		"model": "minecraft:item/spyglass_in_hand"
        }
    },
    "property": "minecraft:display_context"
  }
}