{
  "model": {
    "type": "minecraft:select",
    "cases": [
	  {
        "model": {
          "type": "minecraft:select",
          "property": "minecraft:trim_material",
          "cases": [
            {
              "when": "minecraft:copper",
              "model": {
                "type": "minecraft:model",
                "model": "minecraft:item/trident/trident_copper_trim"
              }
            },
			{
              "when": "minecraft:iron",
              "model": {
                "type": "minecraft:model",
                "model": "minecraft:item/trident/trident_iron_trim"
              }
            },
			{
              "when": "minecraft:gold",
              "model": {
                "type": "minecraft:model",
                "model": "minecraft:item/trident/trident_gold_trim"
              }
            },
			{
              "when": "minecraft:diamond",
              "model": {
                "type": "minecraft:model",
                "model": "minecraft:item/trident/trident_diamond_trim"
              }
            },
			{
              "when": "minecraft:netherite",
              "model": {
                "type": "minecraft:model",
                "model": "minecraft:item/trident/trident_netherite_trim"
              }
            },
			{
              "when": "minecraft:resin",
              "model": {
                "type": "minecraft:model",
                "model": "minecraft:item/trident/trident_resin_trim"
              }
            },
			{
              "when": "minecraft:quartz",
              "model": {
                "type": "minecraft:model",
                "model": "minecraft:item/trident/trident_quartz_trim"
              }
            },
			{
              "when": "minecraft:redstone",
              "model": {
                "type": "minecraft:model",
                "model": "minecraft:item/trident/trident_redstone_trim"
              }
            },
			{
              "when": "minecraft:amethyst",
              "model": {
                "type": "minecraft:model",
                "model": "minecraft:item/trident/trident_amethyst_trim"
              }
            },
			{
              "when": "minecraft:lapis",
              "model": {
                "type": "minecraft:model",
                "model": "minecraft:item/trident/trident_lapis_trim"
              }
            },
			{
              "when": "minecraft:emerald",
              "model": {
                "type": "minecraft:model",
                "model": "minecraft:item/trident/trident_emerald_trim"
              }
            },
			{
              "when": "minecraft:nether_star",
              "model": {
                "type": "minecraft:model",
                "model": "minecraft:item/trident/trident_nether_star_trim"
              }
            },
			{
              "when": "minecraft:none",
              "model": {
                "type": "minecraft:model",
                "model": "minecraft:item/trident"
              }
            }
          ],
          "fallback": {
            "type": "minecraft:model",
            "model": "minecraft:item/trident"
          }
        },
        "when": [
          "gui",
          "ground",
          "fixed"
        ]
      }
    ],
    "fallback": {
      "type": "minecraft:condition",
      "on_false": {
        "type": "minecraft:select",
        "property": "minecraft:trim_material",
        "cases": [
          {
            "when": "minecraft:copper",
            "model": {
                "type": "minecraft:model",
                "model": "minecraft:item/trident/in_hand/trident_in_hand_copper_trim"
              }
          },
		  {
            "when": "minecraft:emerald",
            "model": {
                "type": "minecraft:model",
                "model": "minecraft:item/trident/in_hand/trident_in_hand_emerald_trim"
              }
          },
		  {
            "when": "minecraft:iron",
            "model": {
                "type": "minecraft:model",
                "model": "minecraft:item/trident/in_hand/trident_in_hand_iron_trim"
              }
          },
		  {
            "when": "minecraft:gold",
            "model": {
                "type": "minecraft:model",
                "model": "minecraft:item/trident/in_hand/trident_in_hand_gold_trim"
              }
          },
		  {
            "when": "minecraft:diamond",
            "model": {
                "type": "minecraft:model",
                "model": "minecraft:item/trident/in_hand/trident_in_hand_diamond_trim"
              }
          },
		  {
            "when": "minecraft:netherite",
            "model": {
                "type": "minecraft:model",
                "model": "minecraft:item/trident/in_hand/trident_in_hand_netherite_trim"
              }
          },
		  {
            "when": "minecraft:resin",
            "model": {
                "type": "minecraft:model",
                "model": "minecraft:item/trident/in_hand/trident_in_hand_resin_trim"
              }
          },
		  {
            "when": "minecraft:quartz",
            "model": {
                "type": "minecraft:model",
                "model": "minecraft:item/trident/in_hand/trident_in_hand_quartz_trim"
              }
          },
		  {
            "when": "minecraft:redstone",
            "model": {
                "type": "minecraft:model",
                "model": "minecraft:item/trident/in_hand/trident_in_hand_redstone_trim"
              }
          },
		  {
            "when": "minecraft:lapis",
            "model": {
                "type": "minecraft:model",
                "model": "minecraft:item/trident/in_hand/trident_in_hand_lapis_trim"
              }
          },
		  {
            "when": "minecraft:amethyst",
            "model": {
                "type": "minecraft:model",
                "model": "minecraft:item/trident/in_hand/trident_in_hand_amethyst_trim"
              }
          },
		  {
            "when": "minecraft:nether_star",
            "model": {
                "type": "minecraft:model",
                "model": "minecraft:item/trident/in_hand/trident_in_hand_nether_star_trim"
              }
          }
        ],
        "fallback": {
          "type": "minecraft:special",
          "base": "minecraft:item/trident_in_hand",
          "model": {
            "type": "minecraft:trident"
          }
        }
      },
      "on_true": {
        "type": "minecraft:select",
        "property": "minecraft:trim_material",
        "cases": [
          {
            "when": "minecraft:copper",
            "model": {
                "type": "minecraft:model",
                "model": "minecraft:item/trident/throwing/trident_in_hand_copper_trim"
              }
          },
		  {
            "when": "minecraft:emerald",
            "model": {
                "type": "minecraft:model",
                "model": "minecraft:item/trident/throwing/trident_in_hand_emerald_trim"
              }
          },
		  {
            "when": "minecraft:iron",
            "model": {
                "type": "minecraft:model",
                "model": "minecraft:item/trident/throwing/trident_in_hand_iron_trim"
              }
          },
		  {
            "when": "minecraft:gold",
            "model": {
                "type": "minecraft:model",
                "model": "minecraft:item/trident/throwing/trident_in_hand_gold_trim"
              }
          },
		  {
            "when": "minecraft:diamond",
            "model": {
                "type": "minecraft:model",
                "model": "minecraft:item/trident/throwing/trident_in_hand_diamond_trim"
              }
          },
		  {
            "when": "minecraft:netherite",
            "model": {
                "type": "minecraft:model",
                "model": "minecraft:item/trident/throwing/trident_in_hand_netherite_trim"
              }
          },
		  {
            "when": "minecraft:resin",
            "model": {
                "type": "minecraft:model",
                "model": "minecraft:item/trident/throwing/trident_in_hand_resin_trim"
              }
          },
		  {
            "when": "minecraft:quartz",
            "model": {
                "type": "minecraft:model",
                "model": "minecraft:item/trident/throwing/trident_in_hand_quartz_trim"
              }
          },
		  {
            "when": "minecraft:redstone",
            "model": {
                "type": "minecraft:model",
                "model": "minecraft:item/trident/throwing/trident_in_hand_redstone_trim"
              }
          },
		  {
            "when": "minecraft:lapis",
            "model": {
                "type": "minecraft:model",
                "model": "minecraft:item/trident/throwing/trident_in_hand_lapis_trim"
              }
          },
		  {
            "when": "minecraft:amethyst",
            "model": {
                "type": "minecraft:model",
                "model": "minecraft:item/trident/throwing/trident_in_hand_amethyst_trim"
              }
          },
		  {
            "when": "minecraft:nether_star",
            "model": {
                "type": "minecraft:model",
                "model": "minecraft:item/trident/throwing/trident_in_hand_nether_star_trim"
              }
          }
        ],
        "fallback": {
          "type": "minecraft:special",
          "base": "minecraft:item/trident_throwing",
          "model": {
            "type": "minecraft:trident"
          }
        }
      },
      "property": "minecraft:using_item"
    },
    "property": "minecraft:display_context"
  }
}