{
  "type": "minecraft:multi_action",
  "title": "Trim Generator",
  "inputs": [
    {
      "type": "minecraft:single_option",
      "key": "item",
      "label": "Item",
      "options": [
        {
          "id": "helmet",
          "initial": true
        },
        {
          "id": "chestplate"
        },
        {
          "id": "leggings"
        },
        {
          "id": "boots"
        }
      ]
    },
    {
      "type": "minecraft:single_option",
      "key": "armor_type",
      "label": "Armor Type",
      "options": [
        {
          "id": "leather",
          "initial": true
        },
        {
          "id": "chainmail"
        },
        {
          "id": "iron"
        },
        {
          "id": "golden"
        },
        {
          "id": "diamond"
        },
        {
          "id": "netherite"
        }
      ]
    },
    {
      "type": "minecraft:single_option",
      "key": "template",
      "label": "Template",
      "options": [
        {
          "id": "sentry",
          "initial": true
        },
        {
          "id": "vex"
        },
        {
          "id": "wild"
        },
        {
          "id": "coast"
        },
        {
          "id": "dune"
        },
        {
          "id": "wayfinder"
        },
        {
          "id": "raiser"
        },
        {
          "id": "shaper"
        },
        {
          "id": "host"
        },
        {
          "id": "ward"
        },
        {
          "id": "silence"
        },
        {
          "id": "tide"
        },
        {
          "id": "snout"
        },
        {
          "id": "rib"
        },
        {
          "id": "eye"
        },
        {
          "id": "spire"
        },
        {
          "id": "flow"
        },
        {
          "id": "bolt"
        }
      ]
    },
    {
      "type": "minecraft:single_option",
      "key": "material",
      "label": "Material",
      "options": [
        {
          "id": "copper",
          "initial": true
        },
        {
          "id": "iron"
        },
        {
          "id": "gold"
        },
        {
          "id": "diamond"
        },
        {
          "id": "netherite"
        },
        {
          "id": "emerald"
        },
        {
          "id": "lapis"
        },
        {
          "id": "redstone"
        },
        {
          "id": "quartz"
        },
        {
          "id": "resin"
        },
        {
          "id": "amethyst"
        },
        {
          "id": "nether_star"
        }
      ]
    },
    {
      "type": "minecraft:text",
      "key": "color",
      "label": "Color:",
      "initial": "0x7FFF33"
    }
  ],
  "can_close_with_escape": true,
  "pause": true,
  "actions": [
    {
      "label": "Give Armor",
      "width": 80,
      "action": {
        "type": "minecraft:dynamic/run_command",
        "template": "/give @s minecraft:$(armor_type)_$(item)[minecraft:trim={material:\"$(material)\",pattern:\"$(template)\"}]"
      }
    },
    {
      "label": "Give Colored Armor",
      "width": 120,
      "action": {
        "type": "minecraft:dynamic/run_command",
        "template": "/give @s minecraft:$(armor_type)_$(item)[minecraft:trim={material:\"$(material)\",pattern:\"$(template)\"},minecraft:dyed_color=$(color)]"
      }
    }
  ]
}