{
  "type": "minecraft:multi_action",
  "title": "Trim Generator",
  "inputs": [
    {
      "type": "minecraft:single_option",
      "key": "template",
      "label": "Template",
      "options": [
        {
          "id": "sentry",
          "initial": true
        },
        {
          "id": "vex"
        },
        {
          "id": "wild"
        },
        {
          "id": "coast"
        },
        {
          "id": "dune"
        },
        {
          "id": "wayfinder"
        },
        {
          "id": "raiser"
        },
        {
          "id": "shaper"
        },
        {
          "id": "host"
        },
        {
          "id": "ward"
        },
        {
          "id": "silence"
        },
        {
          "id": "tide"
        },
        {
          "id": "snout"
        },
        {
          "id": "rib"
        },
        {
          "id": "eye"
        },
        {
          "id": "spire"
        },
        {
          "id": "flow"
        },
        {
          "id": "bolt"
        }
      ]
    },
    {
      "type": "minecraft:single_option",
      "key": "material",
      "label": "Material",
      "options": [
        {
          "id": "copper",
          "initial": true
        },
        {
          "id": "iron"
        },
        {
          "id": "gold"
        },
        {
          "id": "diamond"
        },
        {
          "id": "netherite"
        },
        {
          "id": "emerald"
        },
        {
          "id": "lapis"
        },
        {
          "id": "redstone"
        },
        {
          "id": "quartz"
        },
        {
          "id": "resin"
        },
        {
          "id": "amethyst"
        },
        {
          "id": "nether_star"
        }
      ]
    },
    {
      "type": "minecraft:single_option",
      "key": "color",
      "label": "Color",
      "options": [
        {
          "id": "white",
          "initial": true
        },
        {
          "id": "light_gray"
        },
        {
          "id": "gray"
        },
        {
          "id": "black"
        },
        {
          "id": "brown"
        },
        {
          "id": "red"
        },
        {
          "id": "orange"
        },
        {
          "id": "yellow"
        },
        {
          "id": "lime"
        },
        {
          "id": "green"
        },
        {
          "id": "cyan"
        },
        {
          "id": "light_blue"
        },
        {
          "id": "blue"
        },
        {
          "id": "purple"
        },
        {
          "id": "magenta"
        },
        {
          "id": "pink"
        }
      ]
    }
  ],
  "can_close_with_escape": true,
  "pause": true,
  "actions": [
    {
      "label": "Give Elytra",
      "width": 80,
      "action": {
        "type": "minecraft:dynamic/run_command",
        "template": "/give @s minecraft:elytra[trim={material:\"$(material)\",pattern:\"$(template)\"}]"
      }
    },
    {
      "label": "Give Colored Elytra",
      "width": 120,
      "action": {
        "type": "minecraft:dynamic/run_command",
        "template": "/give @s minecraft:elytra[equippable={equip_sound:\"item.armor.equip_elytra\",asset_id:\"elytra_$(color)\",slot:\"chest\"},minecraft:item_model=\"color_elytra/elytra_$(color)\",trim={material:\"$(material)\",pattern:\"$(template)\"}]"
      }
    }
  ]
}